model,pixels,channel_start,channel_end,bank,data_port,max_50_address_power_sections,local_pixel_start_zero_based
Arch1,100,1,300,A,1,2,0
Arch2,100,301,600,A,2,2,100
Star1,100,601,900,A,3,2,200
Pole1,20,901,960,A,4,1,300
Pole2,20,961,1020,A,5,1,320
StripWC,28,1021,1104,A,6,1,340
Arch3,100,1105,1404,B,1,2,0
Arch4,100,1405,1704,B,2,2,100
Star2,100,1705,2004,B,3,2,200
Pole3,20,2005,2064,B,4,1,300
Pole4,20,2065,2124,B,5,1,320
Pole5,20,2125,2184,C,1,1,0
Pole6,20,2185,2244,C,2,1,20
Pole7,20,2245,2304,C,3,1,40
Pole8,20,2305,2364,C,4,1,60
Pole9,20,2365,2424,C,5,1,80
Pole10,20,2425,2484,C,6,1,100
StripKitchen,64,2485,2676,C,7,2,120
StripDoor,62,2677,2862,C,8,2,184
