feed,bank,model,data_port,first_address_1_based,last_address_1_based,address_count,full_white_amps,provisional_DC_fuse_amps,schematic_one_way_metres,positive_isolation_after_section,route_xyz_metres
A-1,A,Arch1,1,1,50,50,3.00,4,4.00,yes; pass data and same-bank GND only,"[[5.9,0.24,0.34],[5.9,0.145,0.65],[6.74,0.145,0.65],[6.74,0.145,2.375],[5.67,0.145,2.375],[5.67,0.10000000000000006,2.375]]"
A-2,A,Arch1,1,51,100,50,3.00,4,3.04,prop end; cap V+,"[[5.9,0.24,0.34],[5.9,0.145,0.65],[6.74,0.145,0.65],[6.74,0.145,2.375],[6.638,0.145,2.375],[6.638,0.1,2.375]]"
A-3,A,Arch2,2,1,50,50,3.00,4,5.08,yes; pass data and same-bank GND only,"[[5.9,0.24,0.34],[5.9,0.145,0.65],[8.18,0.145,0.65],[8.18,0.145,2.375],[7.47,0.145,2.375],[7.47,0.10000000000000006,2.375]]"
A-4,A,Arch2,2,51,100,50,3.00,4,4.63,prop end; cap V+,"[[5.9,0.24,0.34],[5.9,0.145,0.65],[8.18,0.145,0.65],[8.18,0.145,2.375],[8.437999999999999,0.145,2.375],[8.437999999999999,0.1,2.375]]"
A-5,A,Star1,3,1,50,50,3.00,4,1.99,yes; pass data and same-bank GND only,"[[5.9,0.24,0.34],[5.9,0.145,0.65],[6.25,0.145,0.65],[6.25,0.145,0.95],[6.25,1.1600000000000001,0.95]]"
A-6,A,Star1,3,51,100,50,3.00,4,1.90,prop end; cap V+,"[[5.9,0.24,0.34],[5.9,0.145,0.65],[6.25,0.145,0.65],[6.25,0.145,0.95],[6.25,1.07,0.95]]"
A-7,A,Pole1,4,1,20,20,1.20,1.5,0.52,prop end; cap V+,"[[5.9,0.24,0.34],[5.9,0.145,0.65],[5.8,0.145,0.65],[5.8,0.145,0.6],[5.8,0.1,0.6]]"
A-8,A,Pole2,5,1,20,20,1.20,1.5,0.87,prop end; cap V+,"[[5.9,0.24,0.34],[5.9,0.145,0.65],[6.35,0.145,0.65],[6.35,0.145,0.6],[6.35,0.1,0.6]]"
A-9,A,StripWC,6,1,28,28,1.68,2.5,6.94,prop end; cap V+,"[[5.9,0.24,0.34],[5.9,0.145,0.65],[5.9,0.145,0.25],[5.9,2.55,0.25],[3.32,2.55,0.25],[3.32,1.3199999999999998,0.25]]"
B-1,B,Arch3,1,1,50,50,3.00,4,6.03,yes; pass data and same-bank GND only,"[[8.2,0.24,0.34],[8.2,0.145,0.65],[6.74,0.145,0.65],[6.74,0.145,3.78],[5.67,0.145,3.78],[5.67,0.10000000000000006,3.78]]"
B-2,B,Arch3,1,51,100,50,3.00,4,5.06,prop end; cap V+,"[[8.2,0.24,0.34],[8.2,0.145,0.65],[6.74,0.145,0.65],[6.74,0.145,3.78],[6.638,0.145,3.78],[6.638,0.1,3.78]]"
B-3,B,Arch4,2,1,50,50,3.00,4,4.23,yes; pass data and same-bank GND only,"[[8.2,0.24,0.34],[8.2,0.145,0.65],[8.18,0.145,0.65],[8.18,0.145,3.78],[7.47,0.145,3.78],[7.47,0.10000000000000006,3.78]]"
B-4,B,Arch4,2,51,100,50,3.00,4,3.78,prop end; cap V+,"[[8.2,0.24,0.34],[8.2,0.145,0.65],[8.18,0.145,0.65],[8.18,0.145,3.78],[8.437999999999999,0.145,3.78],[8.437999999999999,0.1,3.78]]"
B-5,B,Star2,3,1,50,50,3.00,4,1.99,yes; pass data and same-bank GND only,"[[8.2,0.24,0.34],[8.2,0.145,0.65],[7.85,0.145,0.65],[7.85,0.145,0.95],[7.85,1.1600000000000001,0.95]]"
B-6,B,Star2,3,51,100,50,3.00,4,1.90,prop end; cap V+,"[[8.2,0.24,0.34],[8.2,0.145,0.65],[7.85,0.145,0.65],[7.85,0.145,0.95],[7.85,1.07,0.95]]"
B-7,B,Pole3,4,1,20,20,1.20,1.5,1.72,prop end; cap V+,"[[8.2,0.24,0.34],[8.2,0.145,0.65],[6.9,0.145,0.65],[6.9,0.145,0.6],[6.9,0.1,0.6]]"
B-8,B,Pole4,5,1,20,20,1.20,1.5,1.17,prop end; cap V+,"[[8.2,0.24,0.34],[8.2,0.145,0.65],[7.45,0.145,0.65],[7.45,0.145,0.6],[7.45,0.1,0.6]]"
C-1,C,Pole5,1,1,20,20,1.20,1.5,1.37,prop end; cap V+,"[[7.05,0.24,0.34],[7.05,0.145,0.65],[8,0.145,0.65],[8,0.145,0.6],[8,0.1,0.6]]"
C-2,C,Pole6,2,1,20,20,1.20,1.5,1.58,prop end; cap V+,"[[7.05,0.24,0.34],[7.05,0.145,0.65],[6.74,0.145,0.65],[6.74,0.145,1.55],[6.74,0.145,1.55],[6.74,0.1,1.55]]"
C-3,C,Pole7,3,1,20,20,1.20,1.5,3.23,prop end; cap V+,"[[7.05,0.24,0.34],[7.05,0.145,0.65],[6.74,0.145,0.65],[6.74,0.145,3.2],[6.74,0.145,3.2],[6.74,0.1,3.2]]"
C-4,C,Pole8,4,1,20,20,1.20,1.5,2.73,prop end; cap V+,"[[7.05,0.24,0.34],[7.05,0.145,0.65],[6.74,0.145,0.65],[6.74,0.145,2.375],[7.07,0.145,2.375],[7.07,0.1,2.375]]"
C-5,C,Pole9,5,1,20,20,1.20,1.5,2.40,prop end; cap V+,"[[7.05,0.24,0.34],[7.05,0.145,0.65],[8.18,0.145,0.65],[8.18,0.145,1.55],[8.18,0.145,1.55],[8.18,0.1,1.55]]"
C-6,C,Pole10,6,1,20,20,1.20,1.5,4.05,prop end; cap V+,"[[7.05,0.24,0.34],[7.05,0.145,0.65],[8.18,0.145,0.65],[8.18,0.145,3.2],[8.18,0.145,3.2],[8.18,0.1,3.2]]"
C-7,C,StripKitchen,7,1,32,32,1.92,2.5,5.89,yes; pass data and same-bank GND only,"[[7.05,0.24,0.34],[7.05,0.145,0.65],[7.05,0.145,0.25],[7.05,2.55,0.25],[6.02,2.55,0.25],[6.02,0.8200000000000002,0.25]]"
C-8,C,StripKitchen,7,33,64,32,1.92,2.5,3.83,prop end; cap V+,"[[7.05,0.24,0.34],[7.05,0.145,0.65],[7.05,0.145,0.25],[7.05,2.55,0.25],[7.58,2.55,0.25],[7.58,2.38,0.25]]"
C-9,C,StripDoor,8,1,31,31,1.86,2.5,8.58,yes; pass data and same-bank GND only,"[[7.05,0.24,0.34],[7.05,0.145,0.65],[7.05,0.145,0.25],[7.05,2.55,0.25],[4.07,2.55,0.25],[4.07,0.08,0.25]]"
C-10,C,StripDoor,8,32,62,31,1.86,2.5,5.60,prop end; cap V+,"[[7.05,0.24,0.34],[7.05,0.145,0.65],[7.05,0.145,0.25],[7.05,2.55,0.25],[4.748032786885245,2.55,0.25],[4.748032786885245,2.38,0.25]]"
